<?xml version="1.0" encoding="UTF-8"?>
<root>
  <item name="com.robotemi.sdk.model.CallEventModel CallEventModel(java.lang.String, int, int) 1">
    <annotation name="androidx.annotation.IntDef">
      <val name="value" val="{com.robotemi.sdk.model.CallEventModel.TYPE_INCOMING, com.robotemi.sdk.model.CallEventModel.TYPE_OUTGOING}" />
    </annotation>
  </item>
  <item name="com.robotemi.sdk.model.CallEventModel CallEventModel(java.lang.String, int, int) 2">
    <annotation name="androidx.annotation.IntDef">
      <val name="value" val="{com.robotemi.sdk.model.CallEventModel.STATE_STARTED, com.robotemi.sdk.model.CallEventModel.STATE_ENDED}" />
    </annotation>
  </item>
  <item name="com.robotemi.sdk.model.CallEventModel int getState()">
    <annotation name="androidx.annotation.IntDef">
      <val name="value" val="{com.robotemi.sdk.model.CallEventModel.STATE_STARTED, com.robotemi.sdk.model.CallEventModel.STATE_ENDED}" />
    </annotation>
  </item>
  <item name="com.robotemi.sdk.model.CallEventModel int getType()">
    <annotation name="androidx.annotation.IntDef">
      <val name="value" val="{com.robotemi.sdk.model.CallEventModel.TYPE_INCOMING, com.robotemi.sdk.model.CallEventModel.TYPE_OUTGOING}" />
    </annotation>
  </item>
  <item name="com.robotemi.sdk.model.CallEventModel state">
    <annotation name="androidx.annotation.IntDef">
      <val name="value" val="{com.robotemi.sdk.model.CallEventModel.STATE_STARTED, com.robotemi.sdk.model.CallEventModel.STATE_ENDED}" />
    </annotation>
  </item>
  <item name="com.robotemi.sdk.model.CallEventModel type">
    <annotation name="androidx.annotation.IntDef">
      <val name="value" val="{com.robotemi.sdk.model.CallEventModel.TYPE_INCOMING, com.robotemi.sdk.model.CallEventModel.TYPE_OUTGOING}" />
    </annotation>
  </item>
  <item name="com.robotemi.sdk.model.CallEventModel void setState(int) 0">
    <annotation name="androidx.annotation.IntDef">
      <val name="value" val="{com.robotemi.sdk.model.CallEventModel.STATE_STARTED, com.robotemi.sdk.model.CallEventModel.STATE_ENDED}" />
    </annotation>
  </item>
  <item name="com.robotemi.sdk.model.CallEventModel void setType(int) 0">
    <annotation name="androidx.annotation.IntDef">
      <val name="value" val="{com.robotemi.sdk.model.CallEventModel.TYPE_INCOMING, com.robotemi.sdk.model.CallEventModel.TYPE_OUTGOING}" />
    </annotation>
  </item>
  <item name="com.robotemi.sdk.model.CallEventModel.CallState">
    <annotation name="androidx.annotation.IntDef">
      <val name="value" val="{com.robotemi.sdk.model.CallEventModel.STATE_STARTED, com.robotemi.sdk.model.CallEventModel.STATE_ENDED}" />
    </annotation>
  </item>
  <item name="com.robotemi.sdk.model.CallEventModel.CallType">
    <annotation name="androidx.annotation.IntDef">
      <val name="value" val="{com.robotemi.sdk.model.CallEventModel.TYPE_INCOMING, com.robotemi.sdk.model.CallEventModel.TYPE_OUTGOING}" />
    </annotation>
  </item>
</root>

